{
  "results": {
    "ES": {
      "chi_i_gB": 1.947580382480064,
      "phi_final": 1.2524950504302979,
      "late_growth": 0.09351418837222143,
      "elapsed_s": 1012.4471880309284
    },
    "EM_01": {
      "chi_i_gB": -2.5705956835480657,
      "phi_final": 1.2598978281021118,
      "late_growth": 0.09569472344644017,
      "elapsed_s": 1134.4052824862301
    }
  }
}

