{
  "results": {
    "rlt_3": {
      "label": "R/L_Ti=3.0 n_kx=256",
      "R_L_Ti": 3.0,
      "chi_i_gB": 2.1177184477741337e-07,
      "elapsed_s": 3414.5424956418574,
      "converged": true,
      "phi_rms": [
        6.409669003915042e-05,
        6.255224434426054e-05,
        6.06306130066514e-05,
        5.8174300647806376e-05,
        5.595644688582979e-05,
        5.550730202230625e-05,
        5.631183375953697e-05,
        5.66596063436009e-05,
        5.702987255062908e-05,
        5.887393490411341e-05,
        5.8788733440451324e-05,
        5.5997323215706274e-05,
        5.4720352636650205e-05,
        5.454144411487505e-05,
        5.54809084860608e-05,
        5.834403418703005e-05,
        6.296783249126747e-05,
        6.662763189524412e-05,
        6.635472527705133e-05,
        6.509156082756817e-05,
        6.164225487736985e-05,
        5.908772800466977e-05,
        6.122227205196396e-05,
        6.424113234970719e-05,
        6.40556900179945e-05,
        6.270832091104239e-05,
        6.244504038477316e-05,
        6.095046774134971e-05,
        5.8594680012902245e-05,
        5.7167962950188667e-05,
        5.814743781229481e-05,
        5.8027348131872714e-05,
        5.944744771113619e-05,
        6.0259855672484264e-05,
        5.9492049331311136e-05,
        5.952450737822801e-05,
        6.032926103216596e-05,
        5.962242721579969e-05,
        5.685529322363436e-05,
        5.557817712542601e-05,
        5.6552369642304257e-05,
        5.955141023150645e-05,
        5.930393308517523e-05,
        5.853677794220857e-05,
        6.013851088937372e-05,
        6.11955183558166e-05,
        6.203298107720912e-05,
        6.217752525117248e-05,
        6.310673052212223e-05,
        6.116146687418222e-05
      ],
      "Q_i": [
        -1.2624124792027413e-09,
        1.0316777793317094e-07,
        1.4972333061873e-07,
        1.7619846264260264e-07,
        1.89884956365147e-07,
        1.9918616791927066e-07,
        2.072051053351579e-07,
        2.1437463774801156e-07,
        2.1932434913285506e-07,
        2.2582185577996935e-07,
        2.3267816452436586e-07,
        2.3755764493265977e-07,
        2.4566187573807255e-07,
        2.544028817353761e-07,
        2.6320743145816656e-07,
        2.6918908828594807e-07,
        2.725346532314033e-07,
        2.807424253777563e-07,
        2.913702317364566e-07,
        3.0231107906400695e-07,
        3.141482065711678e-07,
        3.260075734959688e-07,
        3.4341211660264306e-07,
        3.568641861688931e-07,
        3.683074589700114e-07,
        3.818223823879078e-07,
        3.9558205111958546e-07,
        4.1028744191425e-07,
        4.300158607572437e-07,
        4.517092286598607e-07,
        4.683753131411252e-07,
        4.849495154498158e-07,
        5.049220950998472e-07,
        5.275071707798779e-07,
        5.474380991943577e-07,
        5.666563401109636e-07,
        5.904164935359888e-07,
        6.142820030700383e-07,
        6.369781604542824e-07,
        6.59658631564908e-07,
        6.867063264098504e-07,
        7.158979359581796e-07,
        7.406969265220776e-07,
        7.656689635738076e-07,
        7.938292777802636e-07,
        8.257013940436177e-07,
        8.600979988916669e-07,
        8.99375030037428e-07,
        9.416974863127118e-07,
        9.826162315363464e-07
      ],
      "time": [
        0.0024053417452626472,
        0.4834733866340165,
        0.9645349049858357,
        1.4456126626074148,
        1.9266942447472617,
        2.407754522255484,
        2.888805034602022,
        3.3698661249042106,
        3.8509336156903995,
        4.332010882755586,
        4.813084729488421,
        5.29415895994742,
        5.775235857732722,
        6.256311798796371,
        6.737385196661154,
        7.218434824442376,
        7.699474881721213,
        8.180519115719424,
        8.66157430437598,
        9.142629425396192,
        9.623692889549709,
        10.10476665643941,
        10.585836771035217,
        11.066904236823335,
        11.547973157417399,
        12.029043882658545,
        12.51010185515746,
        12.99115542862271,
        13.472220683945071,
        13.953287219959131,
        14.434366579054577,
        14.915435100067226,
        15.396502619544703,
        15.877563791787008,
        16.358637019326515,
        16.83972004543925,
        17.32079598358148,
        17.801856536293656,
        18.28291281044383,
        18.763978944131097,
        19.245055827101247,
        19.72613812270574,
        20.207208392764834,
        20.68828441741173,
        21.16936020710521,
        21.65042974714677,
        22.131495689549144,
        22.612566756313385,
        23.09364005373935,
        23.574705825560308
      ]
    },
    "rlt_69": {
      "label": "R/L_Ti=6.9 n_kx=256",
      "R_L_Ti": 6.9,
      "chi_i_gB": 0.0002460135193672021,
      "elapsed_s": 3484.2179182730615,
      "converged": true,
      "phi_rms": [
        6.409669003915042e-05,
        6.25529428361915e-05,
        6.0633836255874485e-05,
        5.818138743052259e-05,
        5.596810660790652e-05,
        5.552343282033689e-05,
        5.633281762129627e-05,
        5.66865892324131e-05,
        5.706394222215749e-05,
        5.891520049772225e-05,
        5.884045458515175e-05,
        5.606527702184394e-05,
        5.480736217577942e-05,
        5.4650950914947316e-05,
        5.5616485042264685e-05,
        5.850771412951872e-05,
        6.316120561677963e-05,
        6.686047709081322e-05,
        6.665282126050442e-05,
        6.547920202137902e-05,
        6.216594920260832e-05,
        5.978811168461107e-05,
        6.209003186086193e-05,
        6.530301470775157e-05,
        6.542147457366809e-05,
        6.449578359024599e-05,
        6.474436668213457e-05,
        6.396242679329589e-05,
        6.258991197682917e-05,
        6.237871275516227e-05,
        6.467510684160516e-05,
        6.632474105572328e-05,
        6.972976552788168e-05,
        7.308241038117558e-05,
        7.57666930439882e-05,
        7.98597393441014e-05,
        8.538391557522118e-05,
        9.088603837881237e-05,
        9.645381214795634e-05,
        0.0001045558528858237,
        0.0001155291247414425,
        0.00012923752365168184,
        0.00014354569429997355,
        0.00016022163617890328,
        0.00018066284246742725,
        0.00020420191867742687,
        0.0002315104939043522,
        0.00026310430257581174,
        0.00030005647568032146,
        0.0003424402675591409
      ],