{
  "timestamp": "2026-03-15T15:36:53Z",
  "config": {
    "grid": "32x16x32x16x8",
    "n_steps": 10000,
    "hyper": 0.2,
    "ballooning_BC": true
  },
  "results": {
    "chi_i": 3359365.320056256,
    "converged": true,
    "elapsed_s": 2212.157044067979,
    "phi_rms": [
      0.00017207072232849896,
      0.00017998011026065797,
      0.00016084742674138397,
      0.00018688244745135307,
      0.00030819428502582014,
      0.0009729466401040554,
      0.003897125134244561,
      0.015864629298448563,
      0.06442338973283768,
      0.26382681727409363,
      0.5996119379997253,
      0.9410849809646606,
      1.2845600843429565,
      1.6299699544906616,
      1.9777896404266357,
      2.328775405883789,
      2.6837167739868164,
      3.043301820755005,
      3.4081907272338867,
      3.7790756225585938,
      4.156667232513428,
      4.541652202606201,
      4.934664249420166,
      5.3362860679626465,
      5.747063636779785,
      6.167525291442871,
      6.598197937011719,
      7.039606094360352,
      7.4922709465026855,
      7.946211814880371,
      8.390256881713867,
      8.82593822479248,
      9.254487037658691,
      9.676897048950195,
      10.093974113464355,
      10.506387710571289,
      10.914692878723145,
      11.319361686706543,
      11.720791816711426,
      12.119328498840332,
      12.515273094177246,
      12.908884048461914,
      13.300392150878906,
      13.689997673034668,
      14.077885627746582,
      14.464218139648438,
      14.849139213562012,
      15.232779502868652,
      15.615260124206543,
      15.996686935424805,
      16.377159118652344,
      16.75676727294922,
      17.135595321655273,
      17.513713836669922,
      17.891193389892578,
      18.268102645874023,
      18.64449691772461,
      19.020431518554688,
      19.395959854125977,
      19.771127700805664,
      20.145978927612305,
      20.520553588867188,
      20.8948917388916,
      21.269033432006836,
      21.643001556396484,
      22.016841888427734,
      22.390575408935547,
      22.764238357543945,
      23.137853622436523,
      23.511438369750977,
      23.885034561157227,
      24.258663177490234,
      24.632326126098633,
      25.00606346130371,
      25.37989616394043,
      25.753833770751953,
      26.127897262573242,
      26.502107620239258,
      26.87647819519043,
      27.25103759765625,
      27.62578773498535,
      28.000749588012695,
      28.375934600830078,
      28.75136375427246,
      29.1270694732666,
      29.503026962280273,
      29.879276275634766,
      30.255847930908203,
      30.632715225219727,
      31.009910583496094,
      31.387441635131836,
      31.765321731567383,
      32.14357376098633,
      32.52219772338867,
      32.90121841430664,
      33.2806282043457,
      33.660438537597656,
      34.04067611694336,
      34.42134094238281,
      34.80244827270508
    ],
    "zonal_rms": [
      0.0006875566905364394,
      0.0007189462776295841,
      0.0006376570090651512,
      0.0006916032871231437,
      0.0007120522204786539,
      0.0006516033899970353,
      0.0006026303744874895,
      0.0006610540440306067,
      0.0014491615584120154,
      0.021095871925354004,
      0.10916996002197266,
      0.2695138454437256,
      0.5022693276405334,
      0.8071305751800537,
      1.1839131116867065,
      1.6323292255401611,
      2.152052164077759,
      2.742896556854248,
      3.4048328399658203,
      4.137887477874756,
      4.942049026489258,
      5.817273139953613,
      6.7635273933410645,
      7.780849933624268,
      8.869377136230469,
      10.029335021972656,
      11.261012077331543,
      12.56472396850586,
      13.940789222717285,
      15.35639476776123,
      16.7720947265625,
      18.187833786010742,
      19.60361671447754,
      21.01947784423828,
      22.43544578552246,
      23.851564407348633,
      25.267871856689453,
      26.684402465820312,
      28.101198196411133,
      29.51830291748047,
      30.935766220092773,
      32.35361099243164,
      33.77187728881836,
      35.190582275390625,
      36.60977554321289,
      38.02948760986328,
      39.44972610473633,
      40.87051773071289,
      42.29188919067383,
      43.7138557434082,
      45.13642501831055,
      46.55964279174805,
      47.98350524902344,
      49.40803146362305,
      50.83321762084961,
      52.25910949707031,
      53.685707092285156,
      55.11302185058594,
      56.54109573364258,
      57.96991729736328,
      59.39951705932617,
      60.82988739013672,
      62.261077880859375,
      63.693092346191406,
      65.12593078613281,
      66.55966186523438,
      67.99425506591797,
      69.42977142333984,
      70.86621856689453,
      72.30357360839844,
      73.74193572998047,
      75.18132019042969,
      76.62165069580078,
      78.06301879882812,
      79.5054931640625,
      80.94901275634766,
      82.39363861083984,
      83.83938598632812,
      85.28626251220703,
      86.73434448242188,
      88.18360900878906,
      89.63407897949219,
      91.08576965332031,
      92.5387191772461,
      93.99307250976562,
      95.44865417480469,
      96.90558624267578,
      98.36402893066406,
      99.82376861572266,
      101.28492736816406,
      102.74751281738281,
      104.21157836914062,
      105.67716217041016,
      107.14424133300781,
      108.61292266845703,
      110.08311462402344,
      111.55485534667969,
      113.02823638916016,
      114.50322723388672,
      115.97988891601562
    ],