{
  "timestamp": "2026-03-15T05:15:34Z",
  "gpu": "RTX 5000 16GB (JarvisLabs)",
  "jax_version": "0.6.2",
  "fixes": [
    "FLR rho_i/rho_s",
    "(0,0) mode exclusion",
    "CFL-adaptive dt"
  ],
  "config": {
    "grid": "16x16x64x16x8",
    "n_steps": 5000,
    "dt_max": 0.05,
    "cfl_factor": 0.5,
    "R_L_Ti": 6.9
  },
  "results": {
    "chi_i": -184002.87606794454,
    "chi_e": -92001.43803397227,
    "converged": true,
    "elapsed_s": 1085.898866534233,
    "n_saves": 50,
    "phi_rms": [
      0.0006118891760706902,
      0.0006306421710178256,
      0.0005639350274577737,
      0.0005876564537175,
      0.0006411010399460793,
      0.0009394643129780889,
      0.0027035365346819162,
      0.010025640949606895,
      0.03844815865159035,
      0.148479625582695,
      0.5771148204803467,
      2.031505584716797,
      3.899594783782959,
      5.810442924499512,
      7.729621410369873,
      9.839787483215332,
      12.18979549407959,
      14.636877059936523,
      16.834745407104492,
      18.7830753326416,
      20.714574813842773,
      22.899320602416992,
      25.386159896850586,
      28.2728328704834,
      31.383947372436523,
      34.29167556762695,
      37.0960578918457,
      39.839656829833984,
      42.530086517333984,
      45.15038299560547,
      47.711219787597656,
      50.22097396850586,
      52.68573760986328,
      55.11024475097656,
      57.498435974121094,
      59.853759765625,
      62.16274642944336,
      64.3798828125,
      66.51221466064453,
      68.56886291503906,
      70.550537109375,
      72.45884704589844,
      74.30113220214844,
      76.083740234375,
      77.8122329711914,
      79.49158477783203,
      81.12628936767578,
      82.72047424316406,
      84.27801513671875,
      85.80257415771484
    ],
    "zonal_rms": [
      0.002447010250762105,
      0.0025219100061804056,
      0.0022538991179317236,
      0.002337900921702385,
      0.0024342951364815235,
      0.0024485215544700623,
      0.0024353782646358013,
      0.0026220858562737703,
      0.0024454835802316666,
      0.005254439078271389,
      0.06461701542139053,
      0.6289784908294678,
      2.4056546688079834,
      4.576911926269531,
      6.708548545837402,
      11.688996315002441,
      18.809886932373047,
      26.14921760559082,
      32.12532424926758,
      36.832054138183594,
      41.15693283081055,
      46.301475524902344,
      53.34043502807617,
      63.21427917480469,
      75.15687561035156,
      86.9040756225586,
      98.45153045654297,
      109.8121337890625,
      120.94650268554688,
      131.7533721923828,
      142.2645721435547,
      152.5107879638672,
      162.5168914794922,
      172.30377197265625,
      181.8894500732422,
      191.29005432128906,
      200.4544677734375,
      209.20643615722656,
      217.5792236328125,
      225.61325073242188,
      233.31546020507812,
      240.6959991455078,
      247.7867889404297,
      254.61534118652344,
      261.2056579589844,
      267.5790710449219,
      273.75494384765625,
      279.7508850097656,
      285.5834655761719,
      291.26812744140625
    ],
    "Q_i": [
      5.476992717762723e-07,
      2.486675351409413e-07,
      -8.237133941443845e-07,
      -6.788185286199515e-06,
      -5.036106753615457e-05,
      -0.00032709504248271376,
      -0.002573704056737671,
      -0.03462498287060484,
      -0.5077736849250313,
      -6.369515210986746,
      -73.39306713449005,
      -730.6437997081133,
      -2443.1610104927945,
      -5128.780037323242,
      -8757.274331305853,
      -13303.202650707413,
      -18746.155109952546,
      -25067.556557743235,
      -31638.933326446797,
      -38372.50269886094,
      -45866.17670729607,
      -54890.024389781356,
      -65029.46050942992,
      -75958.08026054795,
      -86710.35075080956,
      -96049.97761044266,
      -104623.70673146384,
      -112746.60910465142,
      -120559.7801745602,
      -128097.28056323116,
      -135449.17706567686,
      -142682.8713226437,
      -149849.00904588288,
      -156987.87696783507,
      -164133.13984320217,
      -171314.15146134453,
      -178505.59222194002,
      -185572.17692596625,
      -192535.77811977852,
      -199423.74836722593,
      -206235.1111839616,
      -212969.54077505,
      -219646.6491910641,
      -226282.74924735693,
      -232892.4870411915,
      -239488.74978995248,
      -246082.61438804676,
      -252684.83438708796,
      -259305.27715234968,
      -265953.01301670825
    ],
    "Q_e": [
      2.7384963588813615e-07,
      1.2433376757047064e-07,
      -4.1185669707219227e-07,
      -3.3940926430997575e-06,
      -2.5180533768077284e-05,
      -0.00016354752124135688,
      -0.0012868520283688355,
      -0.01731249143530242,
      -0.25388684246251564,
      -3.184757605493373,
      -36.69653356724503,
      -365.32189985405665,
      -1221.5805052463973,
      -2564.390018661621,
      -4378.637165652926,
      -6651.601325353707,
      -9373.077554976273,
      -12533.778278871618,
      -15819.466663223398,
      -19186.25134943047,
      -22933.088353648036,
      -27445.012194890678,
      -32514.73025471496,
      -37979.04013027398,
      -43355.17537540478,
      -48024.98880522133,
      -52311.85336573192,
      -56373.30455232571,
      -60279.8900872801,
      -64048.64028161558,
      -67724.58853283843,
      -71341.43566132186,
      -74924.50452294144,
      -78493.93848391753,
      -82066.56992160108,
      -85657.07573067227,
      -89252.79611097001,
      -92786.08846298313,
      -96267.88905988926,
      -99711.87418361296,
      -103117.5555919808,
      -106484.770387525,
      -109823.32459553205,
      -113141.37462367846,
      -116446.24352059574,
      -119744.37489497624,
      -123041.30719402338,
      -126342.41719354398,
      -129652.63857617484,
      -132976.50650835413
    ],
    "time": [
      0.05,
      5.04999999999999,
      10.050000000000008,
      15.050000000000079,
      20.05000000000015,
      25.05000000000022,
      30.050000000000292,
      35.050000000000146,
      40.04999999999986,
      45.04999999999958,
      50.049999999999294,
      54.64619465495791,
      56.98759772697508,
      58.40799715836341,
      59.427601409041415,
      60.222547819289574,
      60.87375733456299,
      61.42510203068065,
      61.86681425275528,
      62.23306305589461,
      62.571917780794294,
      62.91341494392028,
      63.2360458563748,
      63.531965495358165,
      63.78430409778303,
      63.979325112044656,
      64.14233181531065,
      64.28487001273625,
      64.41257624794852,
      64.52813929150672,
      64.6344616545016,
      64.73356417934511,
      64.82688697907312,
      64.91550185128712,
      65.00023570605121,
      65.08174623007261,
      65.16001204476551,
      65.23390384565572,
      65.30401423099471,
      65.37091518096108,
      65.43484118381329,
      65.49600993719594,
      65.5547853395022,
      65.61146701700629,
      65.6663054981055,
      65.71951314550459,
      65.77127219115785,
      65.82174080509255,
      65.87105772336236,
      65.91934585170586
    ]
  }
}