{
  "config": {
    "grid": "64x16x32x16x8",
    "n_steps": 5000,
    "hyper": 0.2,
    "ball_BC": true
  },
  "results": {
    "chi_i": 187225.28764010538,
    "converged": true,
    "elapsed_s": 1105.8347424194217,
    "phi_rms": [
      0.00012550767860375345,
      0.00011330043344059959,
      0.00012627494288608432,
      0.0001308196224272251,
      0.00021203314827289432,
      0.0006787183810956776,
      0.002686587627977133,
      0.01086531300097704,
      0.04411352798342705,
      0.15452176332473755,
      0.2867269814014435,
      0.41863948106765747,
      0.5498805046081543,
      0.6804784536361694,
      0.8105266690254211,
      0.9401292204856873,
      1.069368600845337,
      1.1983122825622559,
      1.3270244598388672,
      1.4555686712265015,
      1.5840024948120117,
      1.7123758792877197,
      1.8407301902770996,
      1.969101071357727,
      2.097520351409912,
      2.226019859313965,
      2.354630708694458,
      2.4833855628967285,
      2.6123156547546387,
      2.741453170776367,
      2.8708276748657227,
      3.0004677772521973,
      3.130399227142334,
      3.2606465816497803,
      3.39123272895813,
      3.5221781730651855,
      3.653503179550171,
      3.7852280139923096,
      3.9173707962036133,
      4.049952030181885,
      4.182990074157715,
      4.31650447845459,
      4.450516223907471,
      4.585043907165527,
      4.720109462738037,
      4.855732440948486,
      4.991932392120361,
      5.128730773925781,
      5.266146183013916,
      5.404199600219727
    ],
    "zonal_rms": [
      0.0005015055066905916,
      0.00045242797932587564,
      0.0005013872287236154,
      0.00048359742504544556,
      0.0004736640548799187,
      0.0004778296279255301,
      0.0004714441893156618,
      0.0004538003995548934,
      0.0006232666783034801,
      0.005134632345288992,
      0.017957134172320366,
      0.0387820228934288,
      0.06740075349807739,
      0.103596530854702,
      0.14725299179553986,
      0.19829408824443817,
      0.256634384393692,
      0.3222028911113739,
      0.3949468433856964,
      0.47482338547706604,
      0.5617960691452026,
      0.6558335423469543,
      0.7569090723991394,
      0.8649994730949402,
      0.9800833463668823,
      1.102144479751587,
      1.2311686277389526,
      1.3671435117721558,
      1.5100589990615845,
      1.6599045991897583,
      1.816671371459961,
      1.9803502559661865,
      2.1509335041046143,
      2.328411817550659,
      2.512779951095581,
      2.704030752182007,
      2.902161121368408,
      3.107165813446045,
      3.319045066833496,
      3.537795066833496,
      3.763418436050415,
      3.995915174484253,
      4.235284805297852,
      4.48153018951416,
      4.734653472900391,
      4.994654655456543,
      5.261538982391357,
      5.535305023193359,
      5.815953254699707,
      6.103489875793457
    ],
    "Q_i": [
      2.567790311631964e-08,
      6.566696338065176e-07,
      5.21992971392226e-06,
      5.721552362977562e-05,
      0.000703481021278534,
      0.009508811700641034,
      0.13136572370912955,
      1.930872604176681,
      30.764339888081967,
      360.9826647272589,
      1201.6619669457773,
      2505.1582486179827,
      4253.014129119714,
      6432.987962590515,
      9036.332680410142,
      12056.328175985058,
      15487.437624520222,
      19325.065457265533,
      23565.420816268736,
      28205.291167352807,
      33241.81438105772,
      38672.32483996844,
      44494.319982982786,
      50705.478808193875,
      57303.692967413415,
      64287.08218531434,
      71653.98078609483,
      79402.90214888418,
      87532.47816960618,
      96041.43202702052,
      104928.52440188256,
      114192.53919487455,
      123832.2397222023,
      133846.4178291309,
      144233.8626859042,
      154993.383173763,
      166123.84962331713,
      177624.15858417196,
      189493.28090747638,
      201730.26605983192,
      214334.2108781428,
      227304.33359002363,
      240639.8734282328,
      254340.14892146515,
      268404.5273944789,
      282832.44420097605,
      297623.3262586631,
      312776.63964239426,
      328291.85282732657,
      344168.43636145553
    ],
    "time": [
      0.05,
      5.04999999999999,
      10.050000000000008,
      15.050000000000079,
      20.05000000000015,
      25.05000000000022,
      30.050000000000292,
      35.050000000000146,
      40.04999999999986,
      44.4961841206957,
      46.6759878357373,
      48.0057690024297,
      48.96143242295424,
      49.7067149197001,
      50.317298547337586,
      50.834302080292844,
      51.282522791123384,
      51.678075475654275,
      52.03202428245379,
      52.352286057038924,
      52.644713885315,
      52.91375491629333,
      53.162868252562056,
      53.39479925253679,
      53.611764659491705,
      53.81558056687752,
      54.00775320333381,
      54.18954496380711,
      54.36202374548568,
      54.52610046049424,
      54.68255807012477,
      54.83207435843129,
      54.97523999270939,
      55.11257300336117,
      55.24453033651855,
      55.37151728187893,
      55.49389510386256,
      55.61198730377739,
      55.72608477612908,
      55.83645003728509,
      55.94332083484572,
      56.046913120916386,
      56.14742361153781,
      56.24503193701347,
      56.339902550736646,
      56.43218632659492,
      56.52202199330847,
      56.60953735223338,
      56.6948503962242,
      56.77807025642489
    ]
  }
}
