{
  "timestamp": "2026-03-15T05:55:44Z",
  "gpu": "RTX 5000 16GB (JarvisLabs)",
  "jax_version": "0.6.2",
  "fixes": [
    "FLR rho_i/rho_s",
    "(0,0) exclusion",
    "CFL-adaptive",
    "ik_y flux factor"
  ],
  "config": {
    "grid": "16x16x64x16x8",
    "n_steps": 5000,
    "dt_max": 0.05,
    "cfl": 0.5,
    "R_L_Ti": 6.9
  },
  "results": {
    "chi_i": 2421652.8071587975,
    "chi_e": 1210826.4035793988,
    "converged": true,
    "elapsed_s": 1090.3846699595451,
    "phi_rms": [
      0.0006118891760706902,
      0.0006306421710178256,
      0.0005639350274577737,
      0.0005876564537175,
      0.0006411010399460793,
      0.0009394643129780889,
      0.0027035365346819162,
      0.010025640949606895,
      0.03844815865159035,
      0.148479625582695,
      0.5771148204803467,
      2.031505584716797,
      3.899594783782959,
      5.810442924499512,
      7.729621410369873,
      9.839787483215332,
      12.18979549407959,
      14.636877059936523,
      16.834745407104492,
      18.7830753326416,
      20.714574813842773,
      22.899320602416992,
      25.386159896850586,
      28.2728328704834,
      31.383947372436523,
      34.29167556762695,
      37.0960578918457,
      39.839656829833984,
      42.530086517333984,
      45.15038299560547,
      47.711219787597656,
      50.22097396850586,
      52.68573760986328,
      55.11024475097656,
      57.498435974121094,
      59.853759765625,
      62.16274642944336,
      64.3798828125,
      66.51221466064453,
      68.56886291503906,
      70.550537109375,
      72.45884704589844,
      74.30113220214844,
      76.083740234375,
      77.8122329711914,
      79.49158477783203,
      81.12628936767578,
      82.72047424316406,
      84.27801513671875,
      85.80257415771484
    ],
    "zonal_rms": [
      0.002447010250762105,
      0.0025219100061804056,
      0.0022538991179317236,
      0.002337900921702385,
      0.0024342951364815235,
      0.0024485215544700623,
      0.0024353782646358013,
      0.0026220858562737703,
      0.0024454835802316666,
      0.005254439078271389,
      0.06461701542139053,
      0.6289784908294678,
      2.4056546688079834,
      4.576911926269531,
      6.708548545837402,
      11.688996315002441,
      18.809886932373047,
      26.14921760559082,
      32.12532424926758,
      36.832054138183594,
      41.15693283081055,
      46.301475524902344,
      53.34043502807617,
      63.21427917480469,
      75.15687561035156,
      86.9040756225586,
      98.45153045654297,
      109.8121337890625,
      120.94650268554688,
      131.7533721923828,
      142.2645721435547,
      152.5107879638672,
      162.5168914794922,
      172.30377197265625,
      181.8894500732422,
      191.29005432128906,
      200.4544677734375,
      209.20643615722656,
      217.5792236328125,
      225.61325073242188,
      233.31546020507812,
      240.6959991455078,
      247.7867889404297,
      254.61534118652344,
      261.2056579589844,
      267.5790710449219,
      273.75494384765625,
      279.7508850097656,
      285.5834655761719,
      291.26812744140625
    ],
    "Q_i": [
      1.6053292465212424e-08,
      3.9990238933327693e-07,
      2.1954363646767056e-06,
      1.9263448913612187e-05,
      0.00019368284301629081,
      0.0021967018932720767,
      0.028089214552555388,
      0.3744267688104039,
      4.931083263242647,
      64.47829905170404,
      857.1101552670586,
      9435.235178742056,
      32180.699984432027,
      67797.84745557314,
      115777.0752589387,
      175735.61065863477,
      247368.64028403125,
      330421.719189788,
      416675.79549639596,
      505035.96639041725,
      603394.8325902752,
      721914.6984148222,
      855203.8418255772,
      998994.7779632391,
      1140560.6554928408,
      1263575.647521582,
      1376520.5180739977,
      1483528.759675496,
      1586450.7689386334,
      1685729.1207242922,
      1782549.1983699356,
      1877797.3291307688,
      1972140.4965562592,
      2066109.5892698383,
      2160149.7152773864,
      2254651.151458882,
      2349280.9975720183,
      2442266.2394397403,
      2533895.165185582,
      2624534.8632820463,
      2714173.329047303,
      2802812.1323626023,
      2890710.3194302637,
      2978089.102428074,
      3065141.105989469,
      3152037.455794322,
      3238932.9267829997,
      3325969.8318353496,
      3413281.1736974437,
      3500993.241125654
    ],
    "time": [
      0.05,
      5.04999999999999,
      10.050000000000008,
      15.050000000000079,
      20.05000000000015,
      25.05000000000022,
      30.050000000000292,
      35.050000000000146,
      40.04999999999986,
      45.04999999999958,
      50.049999999999294,
      54.64619465495791,
      56.98759772697508,
      58.40799715836341,
      59.427601409041415,
      60.222547819289574,
      60.87375733456299,
      61.42510203068065,
      61.86681425275528,
      62.23306305589461,
      62.571917780794294,
      62.91341494392028,
      63.2360458563748,
      63.531965495358165,
      63.78430409778303,
      63.979325112044656,
      64.14233181531065,
      64.28487001273625,
      64.41257624794852,
      64.52813929150672,
      64.6344616545016,
      64.73356417934511,
      64.82688697907312,
      64.91550185128712,
      65.00023570605121,
      65.08174623007261,
      65.16001204476551,
      65.23390384565572,
      65.30401423099471,
      65.37091518096108,
      65.43484118381329,
      65.49600993719594,
      65.5547853395022,
      65.61146701700629,
      65.6663054981055,
      65.71951314550459,
      65.77127219115785,
      65.82174080509255,
      65.87105772336236,
      65.91934585170586
    ]
  }
}
