{
  "config": {
    "grid": "64x16x32x16x8",
    "hyper": 1.0,
    "ball_BC": true
  },
  "results": {
    "chi_i": 164302.77639301872,
    "elapsed_s": 1131.6967259570956,
    "phi_rms": [
      0.0001254979142686352,
      0.00011310439003864303,
      0.0001255025708815083,
      0.00012346114090178162,
      0.000143287586979568,
      0.0002934059302788228,
      0.0009586561936885118,
      0.003425679402425885,
      0.012126738205552101,
      0.04266752675175667,
      0.12930713593959808,
      0.23036456108093262,
      0.33292829990386963,
      0.43622294068336487,
      0.5399684906005859,
      0.6440380811691284,
      0.7483680248260498,
      0.8529247045516968,
      0.9576915502548218,
      1.0626616477966309,
      1.1678335666656494,
      1.2732110023498535,
      1.378799557685852,
      1.4846071004867554,
      1.5906428098678589,
      1.696917176246643,
      1.8034411668777466,
      1.9102264642715454,
      2.017285108566284,
      2.124629259109497,
      2.232271909713745,
      2.3402256965637207,
      2.4485037326812744,
      2.557119131088257,
      2.6660854816436768,
      2.7754154205322266,
      2.8851232528686523,
      2.9952211380004883,
      3.1057233810424805,
      3.2166433334350586,
      3.327993392944336,
      3.439788579940796,
      3.5520410537719727,
      3.664764642715454,
      3.777972459793091,
      3.8916778564453125,
      4.005894184112549,
      4.120634078979492,
      4.235911846160889,
      4.351739406585693
    ],
    "zonal_rms": [
      0.0005014903144910932,
      0.00045196551945991814,
      0.0005006032879464328,
      0.00048251019325107336,
      0.00047231451026163995,
      0.0004764217301271856,
      0.0004694082890637219,
      0.00045171804958954453,
      0.0004921185900457203,
      0.0006951491232030094,
      0.0044091613963246346,
      0.013765526004135609,
      0.02856381982564926,
      0.048844147473573685,
      0.07461380213499069,
      0.10590483248233795,
      0.14274977147579193,
      0.18516209721565247,
      0.23314978182315826,
      0.28672075271606445,
      0.34588244557380676,
      0.41064247488975525,
      0.4810086190700531,
      0.5569894909858704,
      0.6385933756828308,
      0.7258283495903015,
      0.8187010884284973,
      0.9172183871269226,
      1.0213863849639893,
      1.131210207939148,
      1.2466973066329956,
      1.3678529262542725,
      1.4946837425231934,
      1.6271942853927612,
      1.7653908729553223,
      1.9092780351638794,
      2.0588607788085938,
      2.214144706726074,
      2.375133752822876,
      2.541834592819214,
      2.714251756668091,
      2.8923909664154053,
      3.0762574672698975,
      3.265856981277466,
      3.461195468902588,
      3.662278413772583,
      3.8691112995147705,
      4.081701755523682,
      4.300052165985107,
      4.524169445037842
    ],
    "Q_i": [
      2.4306340596161676e-08,
      2.738966535499526e-07,
      1.4098183067772478e-06,
      1.1986888218650013e-05,
      0.00011309200316299044,
      0.0012082040414442758,
      0.015094946783602167,
      0.1979756579166297,
      2.534220001723525,
      31.85092362529437,
      295.0053841265044,
      939.4512033742424,
      1965.5751766595786,
      3377.60606884536,
      5177.535414611459,
      7366.428662480187,
      9944.88757501886,
      12913.25762478349,
      16271.726854300912,
      20020.39211996256,
      24159.284588457886,
      28688.39902898938,
      33607.706211717414,
      38917.155522833134,
      44616.68955053792,
      50706.245891214916,
      57185.752870702454,
      64055.149891991976,
      71314.36545225984,
      78963.33364544906,
      87002.00244827256,
      95430.29223679422,
      104248.16257431512,
      113455.55664356619,
      123052.43218122113,
      133038.72703775408,
      143414.42203635327,
      154179.47021089154,
      165333.8431501873,
      176877.50805574577,
      188810.4400351129,
      201132.65729432896,
      213844.10926391574,
      226944.7978676369,
      240434.71635230453,
      254313.8609673408,
      268582.24443792604,
      283239.8294117136,
      298286.69449037954,
      313722.79537808936
    ],
    "time": [
      0.05,
      5.04999999999999,
      10.050000000000008,
      15.050000000000079,
      20.05000000000015,
      25.05000000000022,
      30.050000000000292,
      35.050000000000146,
      40.04999999999986,
      45.04999999999958,
      49.43225633689736,
      51.70050584265908,
      53.14217823584867,
      54.19781513853218,
      55.029975667224,
      55.71648736073595,
      56.30059875373732,
      56.80881122656847,
      57.25853124394099,
      57.6618020481278,
      58.02730000207229,
      58.361481632698926,
      58.66928077352362,
      58.954552029934334,
      59.22036406700948,
      59.46919937508632,
      59.70309453089568,
      59.92374089929803,
      60.13255842283786,
      60.33075072238104,
      60.519346821682504,
      60.69923344297165,
      60.8711800001947,
      61.035858387035915,
      61.1938588397343,
      61.345702626314065,
      61.49185234695689,
      61.632720438362256,
      61.76867618515375,
      61.90005153313566,
      62.02714593066712,
      62.150230467349914,
      62.26955128873631,
      62.385332616640035,
      62.49777927710023,
      62.60707885170643,
      62.71340356363563,
      62.816911929277786,
      62.91775012250875,
      63.01605328007062
    ]
  }
}

