{
  "timestamp": "2026-03-15T18:11:24Z",
  "config": {
    "grid": "128x16x32x16x8",
    "n_steps": 5000,
    "Lx": 80.0,
    "Ly": 62.83,
    "hyper": 0.2,
    "ball_BC": true,
    "RH_krook": true
  },
  "results": {
    "chi_i": 13.572039037688718,
    "converged": true,
    "elapsed_s": 1315.423549078405,
    "phi_rms": [
      8.98381185834296e-05,
      0.326544851064682,
      0.4635290205478668,
      0.5537987351417542,
      0.6226738095283508,
      0.6788724064826965,
      0.7262680530548096,
      0.7653174996376038,
      0.7969397902488708,
      0.8235750198364258,
      0.8471282124519348,
      0.869235634803772,
      0.8912494778633118,
      0.913933515548706,
      0.9367915391921997,
      0.9586867094039917,
      0.9790956377983093,
      0.9976307153701782,
      1.0141175985336304,
      1.0284823179244995,
      1.040522575378418,
      1.0507659912109375,
      1.0596979856491089,
      1.0676982402801514,
      1.0750715732574463,
      1.0819578170776367,
      1.088365077972412,
      1.0944511890411377,
      1.1003084182739258,
      1.1059681177139282,
      1.1114083528518677,
      1.116560459136963,
      1.1213176250457764,
      1.1255459785461426,
      1.1290998458862305,
      1.1318387985229492,
      1.1336249113082886,
      1.134446382522583,
      1.1343865394592285,
      1.1335787773132324,
      1.1321974992752075,
      1.130447268486023,
      1.1285468339920044,
      1.1267141103744507,
      1.1251503229141235,
      1.1240260601043701,
      1.123469591140747,
      1.1235610246658325,
      1.1243300437927246,
      1.1257578134536743,
      1.1277849674224854,
      1.1303189992904663,
      1.133245587348938,
      1.1364365816116333,
      1.1397594213485718,
      1.1430821418762207,
      1.1462786197662354,
      1.1492317914962769,
      1.151836633682251,
      1.1540018320083618,
      1.1556529998779297,
      1.1567338705062866,
      1.157208800315857,
      1.1570634841918945,
      1.1563057899475098,
      1.154965877532959,
      1.1530942916870117,
      1.1507600545883179,
      1.1480474472045898,
      1.1450519561767578,
      1.1418750286102295,
      1.1386198997497559,
      1.1353864669799805,
      1.1322671175003052,
      1.129343867301941,
      1.1266875267028809,
      1.1243579387664795,
      1.1224075555801392,
      1.1208851337432861,
      1.1198430061340332,
      1.1193420886993408,
      1.1194576025009155,
      1.1202818155288696,
      1.121922492980957,
      1.1244971752166748,
      1.1281213760375977,
      1.1328940391540527,
      1.1388806104660034,
      1.146098017692566,
      1.154502272605896,
      1.1639857292175293,
      1.1743799448013306,
      1.18546724319458,
      1.196997046470642,
      1.2087048292160034,
      1.2203309535980225,
      1.2316358089447021,
      1.24241304397583,
      1.2524950504302979,
      1.2617567777633667
    ],
    "zonal_rms": [
      0.0003588658873923123,
      1.3050055503845215,
      1.852266550064087,
      2.2128865718841553,
      2.488071918487549,
      2.7126481533050537,
      2.9020674228668213,
      3.0581297874450684,
      3.184495687484741,
      3.2909185886383057,
      3.385024070739746,
      3.4733657836914062,
      3.561363458633423,
      3.6520814895629883,
      3.743539571762085,
      3.8311848640441895,
      3.9129137992858887,
      3.9871630668640137,
      4.053223609924316,
      4.110789775848389,
      4.159041881561279,
      4.200089454650879,
      4.235874652862549,
      4.267916679382324,
      4.297435760498047,
      4.32499361038208,
      4.350625038146973,
      4.37496280670166,
      4.398378372192383,
      4.420998573303223,
      4.442737102508545,
      4.463319301605225,
      4.482318878173828,
      4.499199867248535,
      4.51338005065918,
      4.524296760559082,
      4.531398773193359,
      4.534640789031982,
      4.534355640411377,
      4.531077861785889,
      4.525507926940918,
      4.518463611602783,
      4.5108208656311035,
      4.503454208374023,
      4.497168064117432,
      4.492644786834717,
      4.490398406982422,
      4.490748882293701,
      4.493813991546631,
      4.499517440795898,
      4.507620334625244,
      4.517751216888428,
      4.5294508934021,
      4.54220724105835,
      4.555487632751465,
      4.568763732910156,
      4.581531047821045,
      4.593320846557617,
      4.603713035583496,
      4.612342834472656,
      4.618913650512695,
      4.623199939727783,
      4.62506103515625,
      4.624439716339111,
      4.621368408203125,
      4.615968704223633,
      4.608442306518555,
      4.599067211151123,
      4.588181018829346,
      4.576164722442627,
      4.5634260177612305,
      4.550377368927002,
      4.537417888641357,
      4.524917125701904,
      4.5132036209106445,
      4.502559661865234,
      4.49322509765625,
      4.485408306121826,
      4.479306221008301,
      4.475125312805176,
      4.473111629486084,
      4.473565578460693,
      4.476856708526611,
      4.483416557312012,
      4.493715763092041,
      4.508216381072998,
      4.527315139770508,
      4.551273822784424,
      4.580158233642578,
      4.613792419433594,
      4.651745319366455,
      4.6933417320251465,
      4.73770809173584,
      4.783842086791992,
      4.830684185028076,
      4.877194404602051,
      4.922415733337402,
      4.96552038192749,
      5.005840301513672,
      5.042874336242676
    ],