{
  "results": {
    "3.0": {
      "R_L_Ti": 3.0,
      "chi_i_raw": 10.366982114838803,
      "chi_i_gB": 3.455660704946268,
      "elapsed_s": 5184.951679140329,
      "converged": true,
      "phi_rms": [
        8.983810403151438e-05,
        0.6223869323730469,
        0.7968648672103882,
        0.891088604927063,
        0.9789227843284607,
        1.0407872200012207,
        1.075610876083374,
        1.1009620428085327,
        1.121998906135559,
        1.134384274482727,
        1.132994532585144,
        1.125789999961853,
        1.1246508359909058,
        1.133267879486084,
        1.1461690664291382,
        1.1556097269058228,
        1.1564618349075317,
        1.1484028100967407,
        1.1358211040496826,
        1.1247221231460571,
        1.119518756866455,
        1.124344825744629,
        1.1454834938049316,
        1.1845399141311646,
        1.2308299541473389,
        1.2697676420211792,
        1.294183611869812,
        1.3044633865356445,
        1.3033220767974854,
        1.2926136255264282,
        1.273170828819275,
        1.2458057403564453,
        1.2122917175292969,
        1.1761810779571533,
        1.1428948640823364,
        1.1181517839431763,
        1.1051335334777832,
        1.1016833782196045,
        1.0998705625534058,
        1.0900812149047852,
        1.066062092781067,
        1.031133770942688,
        0.9937310814857483,
        0.9600821137428284,
        0.9345101714134216,
        0.9218370318412781,
        0.9324442744255066,
        0.9722192287445068,
        1.012617826461792,
        1.0477555990219116,
        1.0872762203216553,
        1.1332365274429321,
        1.1685177087783813,
        1.1863139867782593,
        1.1906232833862305,
        1.188847303390503,
        1.1891396045684814,
        1.1970499753952026,
        1.2138190269470215,
        1.2372783422470093,
        1.262414813041687,
        1.278439998626709,
        1.2714139223098755,
        1.2407811880111694,
        1.1959224939346313,
        1.1546573638916016,
        1.129262089729309,
        1.1234792470932007,
        1.125000238418579,
        1.1147977113723755,
        1.0881680250167847,
        1.066379427909851,
        1.0870169401168823,
        1.1358429193496704,
        1.1773223876953125,
        1.1910252571105957,
        1.1760196685791016,
        1.1426665782928467,
        1.1057677268981934,
        1.079318642616272,
        1.0699139833450317,
        1.0736989974975586,
        1.08639657497406,
        1.0971354246139526,
        1.0977083444595337,
        1.0915294885635376,
        1.0778900384902954,
        1.0561579465866089,
        1.030649185180664,
        1.0044468641281128,
        0.9910263419151306,
        0.9908827543258667,
        0.993802547454834,
        0.9926270246505737,
        0.9852917194366455,
        0.9907862544059753,
        1.0254329442977905,
        1.0667325258255005,
        1.0979948043823242,
        1.1227527856826782
      ],
      "Q_i": [
        1.7419515296462194e-08,
        0.5343500223386193,
        1.035785039277916,
        1.3484795969233387,
        1.5999280221947225,
        1.8741226302039082,
        2.1300064563349053,
        2.273006068657058,
        2.3877497195169033,
        2.568895343387261,
        2.730339041719954,
        2.8494156567694575,
        2.940647596288311,
        2.9871117574716997,
        2.9993348534585804,
        3.04666333974942,
        3.166318473894113,
        3.3191613670651217,
        3.442369573061713,
        3.5147620732386473,
        3.5804257460238778,
        3.6971293558358056,
        3.8410287367805065,
        3.9259945547964183,
        3.948334199033548,
        3.9826808306500383,
        4.071849062768979,
        4.2069214207131775,
        4.35713887131919,
        4.493072515843003,
        4.60111168293912,
        4.688449416329219,
        4.764735523811134,
        4.812529746786737,
        4.797225181346143,
        4.723730120400585,
        4.659445116620172,
        4.6522823767325425,
        4.682250725900705,
        4.736768469924551,
        4.785532789525273,
        4.78372638543895,
        4.765092651905373,
        4.7943107660076985,
        4.914992755519519,
        5.089859508755728,
        5.3086162272432516,
        5.631936238802363,
        5.830660301890729,
        5.856667774995427,
        5.8107420196388,
        5.811745251124769,
        5.939008655647651,
        6.107988247151009,
        6.249029391333172,
        6.343272891318863,
        6.400261255643128,
        6.434922919596073,
        6.454603987817898,
        6.467033534057069,
        6.513313625860119,
        6.669202730503314,
        6.919915004825048,
        7.175284099435257,
        7.361688245813186,
        7.4875518381161505,
        7.603027109041576,
        7.781702892956341,
        8.092576599056894,
        8.381826612188393,
        8.591585560233371,
        8.85440580039996,
        9.30291298156214,
        9.804573140149603,
        10.308162032322397,
        10.761042354466737,
        11.073267858553837,
        11.199886509751424,
        11.202498826664447,
        11.187107026820879,
        11.261578280952337,
        11.418937581017456,
        11.583486292139044,
        11.74861985732804,
        11.910905147275656,
        12.081667269445553,
        12.391561011460562,
        12.82819342732615,
        13.268083851176089,
        13.661916108391798,
        14.01884741054632,
        14.285333925090237,
        14.584915810246487,
        15.003796115236428,
        15.54114475950679,
        16.164661305619916,
        16.61969206957779,
        16.92871524971124,
        17.222807843812184,
        17.534103424030622
      ],