{
  "results": {
    "explicit_1_25": {
      "label": "B: explicit, m_e/m_i=1/25",
      "chi_i_gB": 2832.254352142383,
      "elapsed_s": 1802.0228396616876,
      "converged": true,
      "phi_rms": [
        0.00016232540656346828,
        0.6684908270835876,
        1.3357150554656982,
        2.1031076908111572,
        2.9175851345062256,
        3.761460065841675,
        4.62874174118042,
        5.514834403991699,
        6.414745330810547,
        7.317249774932861,
        8.219213485717773,
        9.120224952697754,
        10.0201416015625,
        10.919005393981934,
        11.8169527053833,
        12.714153289794922,
        13.610770225524902,
        14.506946563720703,
        15.402800559997559,
        16.298419952392578,
        17.193872451782227,
        18.089202880859375,
        18.984439849853516,
        19.879606246948242,
        20.77471351623535,
        21.66976547241211,
        22.564767837524414,
        23.459712982177734,
        24.3546085357666,
        25.249446868896484,
        26.144237518310547,
        27.038969039916992,
        27.933643341064453,
        28.828266143798828,
        29.722835540771484,
        30.617355346679688,
        31.51182746887207,
        32.40625762939453,
        33.3006477355957,
        34.195003509521484,
        35.089332580566406,
        35.983638763427734,
        36.877925872802734,
        37.7722053527832,
        38.66647720336914,
        39.56074905395508,
        40.45503234863281,
        41.34932327270508,
        42.2436408996582,
        43.137977600097656
      ],
      "Q_i": [
        7.483234795817361e-07,
        7.573163718735352,
        37.03975896456396,
        89.53544310597408,
        161.89192494392162,
        260.20112129389895,
        389.0455686158246,
        550.6727922622707,
        745.9621735491543,
        973.1366390285998,
        1231.0651337891559,
        1518.925119676473,
        1835.8812223630111,
        2181.2039785832944,
        2554.33153550431,
        2954.8850392740037,
        3382.654338269421,
        3837.568140321718,
        4319.661472804597,
        4829.040991389191,
        5365.856307426327,
        5930.278597019712,
        6522.485865853528,
        7142.642362510352,
        7790.897881544142,
        8467.381218537028,
        9172.199646792775,
        9905.434755351478,
        10667.147152235402,
        11457.374311402227,
        12276.13840212328,
        13123.44090719085,
        13999.277419947312,
        14903.627408350047,
        15836.470676825547,
        16797.775207627936,
        17787.49677126695,
        18805.603883760745,
        19852.05732696484,
        20926.8193720272,
        22029.855171341474,
        23161.129861251327,
        24320.612876045827,
        25508.271229978127,
        26724.085845982583,
        27968.030235767426,
        29240.088641027818,
        30540.24784759985,
        31868.49101382256,
        33224.81856134051
      ],
      "time": [
        0.05,
        0.4222398162867708,
        0.5242209061257881,
        0.5846825219216523,
        0.626860929689433,
        0.6591314179722022,
        0.6852005937116424,
        0.7070109023878302,
        0.7257015182897548,
        0.7418950419435869,
        0.7561420736143941,
        0.7688563697317737,
        0.7803335047612961,
        0.7907919056685431,
        0.800397376728096,
        0.8092785960671127,
        0.8175373204363878,
        0.8252553413803413,
        0.8324993428456324,
        0.8393243875207412,
        0.8457764529038346,
        0.8518943257857611,
        0.8577110227468359,
        0.8632548822605721,
        0.8685504078775595,
        0.87361893305086,
        0.8784791473333773,
        0.8831475177854273,
        0.8876386282797811,
        0.8919654560128933,
        0.8961395993283147,
        0.9001714704701013,
        0.9040704501755235,
        0.9078450203161008,
        0.9115028762104632,
        0.915051020404357,
        0.9184958434785274,
        0.9218431929549065,
        0.9250984347098227,
        0.9282665033732428,
        0.9313519479929661,
        0.9343589712021095,
        0.9372914628151009,
        0.9401530301927034,
        0.9429470253600991,
        0.9456765682342892,
        0.9483445676288603,
        0.9509537395138392,
        0.9535066247473646,
        0.9560056023201251
      ]
    },
    "implicit_1_400": {
      "label": "A: implicit, m_e/m_i=1/400",
      "chi_i_gB": 1.295144294804454,
      "elapsed_s": 4988.110119294375,
      "converged": true,
      "phi_rms": [
        0.00019017591447730264,
        0.9315083755879321
      ],
      "Q_i": [
        -1.0144148644144272e-05,
        8.936495634150733
      ],
      "time": [
        0.05,
        0.5611930317769359
      ]
    }
  }
}
