{
  "results": {
    "adiabatic": {
      "label": "CBC adiabatic",
      "kinetic_electrons": false,
      "chi_i_raw": 13.438304639112442,
      "chi_i_gB": 1.947580382480064,
      "late_growth": 0.09351418837222143,
      "elapsed_s": 1023.0369456857443,
      "converged": true,
      "phi_rms": [
        8.98381185834296e-05,
        0.46352899074554443,
        0.622673749923706,
        0.7262679934501648,
        0.7969396710395813,
        0.8471280932426453,
        0.8912492990493774,
        0.9367914199829102,
        0.9790955185890198,
        1.0141173601150513,
        1.0405222177505493,
        1.0596976280212402,
        1.075071096420288,
        1.088364601135254,
        1.1003079414367676,
        1.1114078760147095,
        1.1213171482086182,
        1.1290993690490723,
        1.1336244344711304,
        1.1343859434127808,
        1.1321969032287598,
        1.1285462379455566,
        1.1251499652862549,
        1.1234689950942993,
        1.1243295669555664,
        1.1277846097946167,
        1.1332452297210693,
        1.1397590637207031,
        1.1462783813476562,
        1.1518362760543823,
        1.155652642250061,
        1.1572083234786987,
        1.1563054323196411,
        1.1530938148498535,
        1.1480469703674316,
        1.1418744325637817,
        1.1353859901428223,
        1.1293433904647827,
        1.1243573427200317,
        1.120884656906128,
        1.1193416118621826,
        1.1202813386917114,
        1.1244968175888062,
        1.132893681526184,
        1.1460977792739868,
        1.1639854907989502,
        1.18546724319458,
        1.2087048292160034,
        1.2316358089447021,
        1.2524950504302979
      ],
      "zonal_rms": [
        0.0003588658873923123,
        1.8522664308547974,
        2.4880716800689697,
        2.902067184448242,
        3.184495210647583,
        3.385023593902588,
        3.5613629817962646,
        3.7435390949249268,
        3.9129130840301514,
        4.05322265625,
        4.159040451049805,
        4.235872745513916,
        4.297433853149414,
        4.350622653961182,
        4.39837646484375,
        4.442734718322754,
        4.482316493988037,
        4.513377666473389,
        4.531396865844727,
        4.534353256225586,
        4.525505542755127,
        4.5108184814453125,
        4.497165679931641,
        4.490396499633789,
        4.493812084197998,
        4.5076189041137695,
        4.529449939727783,
        4.55548620223999,
        4.58152961730957,
        4.6037116050720215,
        4.6189117431640625,
        4.625059604644775,
        4.62136697769165,
        4.608440399169922,
        4.588178634643555,
        4.5634236335754395,
        4.537415981292725,
        4.513201713562012,
        4.493223190307617,
        4.47930383682251,
        4.473109722137451,
        4.4768548011779785,
        4.493713855743408,
        4.527313709259033,
        4.580157279968262,
        4.651744842529297,
        4.73770809173584,
        4.830684185028076,
        4.922415733337402,
        5.005839824676514
      ],
      "Q_i": [
        2.4964628186568906e-08,
        0.48606052331020916,
        1.149532800190416,
        1.7501634889970836,
        2.2489455077638123,
        2.648526670109549,
        2.99301272214657,
        3.3159947364859406,
        3.6201354130398062,
        3.9302550605560187,
        4.233580747477882,
        4.505833133744095,
        4.7552479379312755,
        4.978968156094081,
        5.183207808758176,
        5.398603421516426,
        5.646178594532141,
        5.9238926637301645,
        6.2152472185918635,
        6.50399392201313,
        6.800740052077227,
        7.11589841792349,
        7.448504331745705,
        7.788772299270254,
        8.123162003025005,
        8.437954012174503,
        8.725531261675659,
        8.992098804413077,
        9.257752058389764,
        9.546234832839836,
        9.872894724232005,
        10.239537018171454,
        10.637036486035562,
        11.051412643530467,
        11.469479951195197,
        11.882857529067305,
        12.290737730732776,
        12.701585338195528,
        13.132788794185679,
        13.606816521308382,
        14.143752336164695,
        14.752987499301259,
        15.429201091633361,
        16.15621880176657,
        16.916378803774784,
        17.69810125615483,
        18.49729664637334,
        19.31569449737706,
        20.16036120722004,
        21.042906131897915
      ],
      "time": [
        0.05,
        0.8150719549472732,
        1.0967609970120409,
        1.340163384528486,
        1.5605017021557397,
        1.7604489959394565,
        1.9500363261310587,
        2.1378906687843005,
        2.315004448768562,
        2.482862066427728,
        2.640488064855185,
        2.784703476682593,
        2.9234930981846943,
        3.0572138181198736,
        3.1830152259444833,
        3.304289446310015,
        3.423505504633674,
        3.5426166223196653,
        3.6621061032411064,
        3.7778878094850197,
        3.8907628520831765,
        4.001781792734123,
        4.111565329147192,
        4.220349423526634,
        4.328022171747818,
        4.434204586679961,
        4.538396327324521,
        4.640152073231489,
        4.739219103953732,
        4.8355895810891125,
        4.929475429031715,
        5.021245931044339,
        5.111363687830274,
        5.200335849859386,
        5.2886825613695105,
        5.376918020093642,
        5.465538053354458,
        5.555008570191883,
        5.645749867602037,
        5.7381125529702075,
        5.832342374500013,
        5.928535239576441,
        6.0265909280124745,
        6.126183614660736,
        6.226772505219076,
        6.327666505406721,
        6.428131384760836,
        6.527503391157554,
        6.6252714314270085,
        6.721111124673316
      ]
    },
    "kinetic": {
      "label": "CBC kinetic_e",
      "kinetic_electrons": true,
      "chi_i_raw": 14301.459999556357,
      "chi_i_gB": 2072.6753622545443,
      "late_growth": 11.35690766439053,
      "elapsed_s": 1828.8723689615726,
      "converged": true,
      "phi_rms": [
        0.0001659827248658985,
        0.5713929533958435,
        1.7988277673721313,
        3.0434439182281494,
        4.233025074005127,
        5.398126602172852,
        6.549922943115234,
        7.694407939910889,
        8.834924697875977,
        9.973329544067383,
        11.110808372497559,
        12.24819278717041,
        13.386089324951172,
        14.524934768676758,
        15.665042877197266,
        16.806640625,
        17.949893951416016,
        19.094907760620117,
        20.24176597595215,
        21.390512466430664,
        22.54117774963379,
        23.693777084350586,
        24.848312377929688,
        26.004785537719727,
        27.163190841674805,
        28.32352638244629,
        29.485780715942383,
        30.649951934814453,
        31.816024780273438,
        32.983985900878906,
        34.1538200378418,
        35.32551193237305,
        36.49904251098633,
        37.67439270019531,
        38.851539611816406,
        40.03046417236328,
        41.21114730834961,
        42.3935661315918,
        43.577693939208984,
        44.76351547241211,
        45.95100784301758,
        47.14015197753906,
        48.3309211730957,
        49.52330780029297,
        50.7172737121582,
        51.91281509399414,
        53.10990524291992,
        54.308528900146484,
        55.5086669921875,
        56.710296630859375
      ],