{
  "PPO": {
    "mean_reward": 121.09560807146596,
    "std_reward": 31.45723036180098,
    "mean_length": 500.0,
    "disruption_rate": 0.0,
    "n_episodes": 50
  },
  "PID": {
    "mean_reward": -911.229410812395,
    "std_reward": 14.682812910817763,
    "mean_length": 500.0,
    "disruption_rate": 0.0,
    "n_episodes": 50
  },
  "MPC": {
    "mean_reward": 59.355506777256316,
    "std_reward": 18.679716200916378,
    "mean_length": 500.0,
    "disruption_rate": 0.0,
    "n_episodes": 50
  }
}