{
  "test_rmse": 42.186514828744556,
  "per_channel_rmse": [
    42.64816697412597,
    57.43866508618829,
    14.867404179997973
  ],
  "n_train": 4000,
  "n_total": 5000,
  "train_time_s": 111.90005089999977,
  "synthetic": true,
  "channels": [
    "chi_e",
    "chi_i",
    "D_e"
  ]
}
