{
  "ppo": {
    "mean_reward": 120.4571574681282,
    "std_reward": 31.084926504022537,
    "mean_length": 500.0,
    "disruption_rate": 0.0,
    "n_episodes": 50
  },
  "pid": {
    "mean_reward": -911.229410812395,
    "std_reward": 14.682812910817763,
    "mean_length": 500.0,
    "disruption_rate": 0.0,
    "n_episodes": 50
  },
  "timesteps": 500000,
  "train_time_s": 2900.0164335999943,
  "ppo_advantage": 1031.6865682805233
}
