{
  "ppo": {
    "mean_reward": 143.92724624085093,
    "std_reward": 16.757891088962133,
    "mean_length": 500.0,
    "disruption_rate": 0.0,
    "n_episodes": 50
  },
  "pid": {
    "mean_reward": -911.229410812395,
    "std_reward": 14.682812910817763,
    "mean_length": 500.0,
    "disruption_rate": 0.0,
    "n_episodes": 50
  },
  "timesteps": 500000,
  "train_time_s": 633.5249774307013,
  "ppo_advantage": 1055.156657053246
}